float_id,cycle_number,profile_date,latitude,longitude,data_mode,direction,temp_measurements,psal_measurements,pres_measurements,max_pressure,min_temp,max_temp,min_salinity,max_salinity,profile_file
6903569,1,,66.98785,-0.49753,D,A,1006,1006,1006,2012.300048828125,-0.7470999956130981,5.6595001220703125,34.907798767089844,35.05799865722656,argo_organized_data\float_6903569\profiles\cycle_001.json
6903569,2,,66.89641,-0.60942,D,A,1006,1006,1006,2013.4599609375,-0.7585999965667725,6.395299911499023,34.90810012817383,35.08399963378906,argo_organized_data\float_6903569\profiles\cycle_002.json
6903569,3,,66.79723,-0.69851,D,A,1006,1006,1006,2013.800048828125,-0.7562000155448914,6.040599822998047,34.90840148925781,35.05459976196289,argo_organized_data\float_6903569\profiles\cycle_003.json
6903569,4,,66.87862,-0.97252,D,A,1005,1005,1005,2012.1099853515625,-0.7601000070571899,7.35890007019043,34.90840148925781,35.109500885009766,argo_organized_data\float_6903569\profiles\cycle_004.json
6903569,5,,67.09683,-1.2693,D,A,1004,1004,1004,2009.9100341796875,-0.7444000244140625,6.639500141143799,34.90919876098633,35.07979965209961,argo_organized_data\float_6903569\profiles\cycle_005.json
6903569,6,,67.23725,-1.17558,D,A,1006,1006,1006,2013.2900390625,-0.7501999735832214,8.261500358581543,34.908199310302734,35.119598388671875,argo_organized_data\float_6903569\profiles\cycle_006.json
6903569,7,,67.12635,-0.7855,D,A,1004,1004,1004,2011.1400146484375,-0.7361000180244446,7.113699913024902,34.90810012817383,35.03010177612305,argo_organized_data\float_6903569\profiles\cycle_007.json
6903569,8,,67.14356,-1.34163,D,A,1003,1003,1003,2009.6300048828125,-0.7421000003814697,8.322099685668945,34.907901763916016,35.03110122680664,argo_organized_data\float_6903569\profiles\cycle_008.json
6903569,9,,67.18652,-1.27701,D,A,1004,1004,1004,2009.75,-0.7421000003814697,8.18019962310791,34.90850067138672,35.0702018737793,argo_organized_data\float_6903569\profiles\cycle_009.json
6903569,10,,67.145,-1.49936,D,A,1005,1005,1005,2011.1400146484375,-0.7538999915122986,8.029999732971191,34.908599853515625,35.019901275634766,argo_organized_data\float_6903569\profiles\cycle_010.json
6903569,11,,67.10981,-2.12297,D,A,1004,1004,1004,2007.8800048828125,-0.7343999743461609,8.72089958190918,34.90800094604492,35.079898834228516,argo_organized_data\float_6903569\profiles\cycle_011.json
6903569,12,,67.10375,-2.43083,D,A,1002,1002,1002,2007.199951171875,-0.7315000295639038,8.958900451660156,34.908599853515625,35.09880065917969,argo_organized_data\float_6903569\profiles\cycle_012.json
6903569,13,,67.06078,-2.56921,D,A,1002,1002,1002,2005.9000244140625,-0.736299991607666,9.669400215148926,34.90879821777344,35.07780075073242,argo_organized_data\float_6903569\profiles\cycle_013.json
6903569,14,,67.13525,-2.53941,D,A,1003,1003,1003,2006.280029296875,-0.7325000166893005,9.878700256347656,34.908199310302734,35.06840133666992,argo_organized_data\float_6903569\profiles\cycle_014.json
6903569,15,,67.13998,-2.89239,D,A,1001,1001,1001,2005.25,-0.7559999823570251,10.562700271606445,34.90589904785156,35.05799865722656,argo_organized_data\float_6903569\profiles\cycle_015.json
6903569,16,,66.99577,-2.98637,D,A,1002,1002,1002,2005.3399658203125,-0.7508000135421753,10.241100311279297,34.90629959106445,35.065399169921875,argo_organized_data\float_6903569\profiles\cycle_016.json
6903569,17,,66.9584,-2.83368,D,A,1003,1003,1003,2005.5699462890625,-0.7495999932289124,10.759200096130371,34.89870071411133,35.09749984741211,argo_organized_data\float_6903569\profiles\cycle_017.json
6903569,18,,67.10445,-2.49496,D,A,1001,1001,1001,2003.5999755859375,-0.7439000010490417,11.095800399780273,34.908199310302734,35.060001373291016,argo_organized_data\float_6903569\profiles\cycle_018.json
6903569,19,,67.19703,-2.76869,D,A,1000,1000,1000,2002.1300048828125,-0.7605999708175659,10.935500144958496,34.904998779296875,35.07720184326172,argo_organized_data\float_6903569\profiles\cycle_019.json
6903569,20,,67.21807,-2.90153,D,A,999,999,999,2001.9200439453125,-0.7597000002861023,10.275799751281738,34.90879821777344,35.04819869995117,argo_organized_data\float_6903569\profiles\cycle_020.json
6903569,22,,67.41052,-3.6511,D,A,1000,1000,1000,2001.1199951171875,-0.7319999933242798,10.206000328063965,34.905399322509766,35.102298736572266,argo_organized_data\float_6903569\profiles\cycle_022.json
6903569,23,,67.54587,-3.81387,D,A,999,999,999,1999.0400390625,-0.7384999990463257,9.486100196838379,34.90840148925781,35.07210159301758,argo_organized_data\float_6903569\profiles\cycle_023.json
6903569,24,,67.71487,-3.81656,D,A,1000,1000,1000,2001.1199951171875,-0.7247999906539917,9.35770034790039,34.90840148925781,35.09189987182617,argo_organized_data\float_6903569\profiles\cycle_024.json
6903569,25,,67.95279,-3.99043,D,A,1000,1000,1000,2000.239990234375,-0.7267000079154968,8.754799842834473,34.90850067138672,35.09920120239258,argo_organized_data\float_6903569\profiles\cycle_025.json
6903569,26,,68.13749,-4.23522,D,A,998,998,998,2000.02001953125,-0.7408000230789185,8.34749984741211,34.908599853515625,35.027400970458984,argo_organized_data\float_6903569\profiles\cycle_026.json
6903569,27,,68.12678,-4.4247,D,A,999,999,999,1998.1400146484375,-0.7425000071525574,7.810800075531006,34.908599853515625,35.07569885253906,argo_organized_data\float_6903569\profiles\cycle_027.json
6903569,28,,68.02195,-4.36511,D,A,999,999,999,1999.3399658203125,-0.7390000224113464,7.7052998542785645,34.90850067138672,35.0640983581543,argo_organized_data\float_6903569\profiles\cycle_028.json
6903569,29,,67.9924,-4.19501,D,A,999,999,999,1999.6500244140625,-0.7343000173568726,7.9918999671936035,34.908199310302734,35.063201904296875,argo_organized_data\float_6903569\profiles\cycle_029.json
6903569,30,,68.00429,-4.10582,D,A,1000,1000,1000,2000.510009765625,-0.7376999855041504,7.64709997177124,34.908199310302734,35.05739974975586,argo_organized_data\float_6903569\profiles\cycle_030.json
6903569,31,,68.00735,-4.11705,D,A,998,998,998,1999.1800537109375,-0.7369999885559082,7.5335001945495605,34.90829849243164,35.037899017333984,argo_organized_data\float_6903569\profiles\cycle_031.json
6903569,32,,67.99953,-4.08542,D,A,998,998,998,1999.31005859375,-0.7371000051498413,7.365699768066406,34.90840148925781,35.04909896850586,argo_organized_data\float_6903569\profiles\cycle_032.json
6903569,33,,67.91903,-3.68209,D,A,999,999,999,1999.010009765625,-0.7311000227928162,6.989999771118164,34.90810012817383,35.03110122680664,argo_organized_data\float_6903569\profiles\cycle_033.json
6903569,34,,67.91803,-3.36295,D,A,999,999,999,1998.1199951171875,-0.7434999942779541,7.014999866485596,34.90810012817383,35.02180099487305,argo_organized_data\float_6903569\profiles\cycle_034.json
6903569,35,,67.98054,-3.35318,D,A,999,999,999,1998.3699951171875,-0.7335000038146973,6.555300235748291,34.90800094604492,35.02750015258789,argo_organized_data\float_6903569\profiles\cycle_035.json
6903569,36,,68.0982,-3.51807,D,A,998,998,998,1998.5400390625,-0.7437999844551086,6.45419979095459,34.90739822387695,35.03150177001953,argo_organized_data\float_6903569\profiles\cycle_036.json
6903569,37,,68.24365,-3.79354,D,A,1000,1000,1000,1999.9200439453125,-0.7462999820709229,6.180699825286865,34.907798767089844,35.01369857788086,argo_organized_data\float_6903569\profiles\cycle_037.json
6903569,38,,68.30225,-3.98659,D,A,999,999,999,1999.7900390625,-0.7458000183105469,6.635499954223633,34.907798767089844,35.04999923706055,argo_organized_data\float_6903569\profiles\cycle_038.json
6903569,39,,68.296,-4.10524,D,A,997,997,997,1999.1400146484375,-0.75,6.0096001625061035,34.90760040283203,35.03020095825195,argo_organized_data\float_6903569\profiles\cycle_039.json
6903569,40,,68.22987,-4.23139,D,A,998,998,998,2000.050048828125,-0.7383999824523926,6.036799907684326,34.90760040283203,35.03229904174805,argo_organized_data\float_6903569\profiles\cycle_040.json
6903569,41,,68.21972,-4.42624,D,A,999,999,999,1999.280029296875,-0.739799976348877,6.275300025939941,34.90739822387695,35.03919982910156,argo_organized_data\float_6903569\profiles\cycle_041.json
6903569,42,,68.24522,-4.83987,D,A,1000,1000,1000,2000.510009765625,-0.7439000010490417,5.683800220489502,34.907501220703125,35.0093994140625,argo_organized_data\float_6903569\profiles\cycle_042.json
6903569,43,,68.25045,-5.01452,D,A,1000,1000,1000,1999.530029296875,-0.7472000122070312,5.3256001472473145,34.90739822387695,35.00579833984375,argo_organized_data\float_6903569\profiles\cycle_043.json
6903569,44,,68.26696,-4.98166,D,A,998,998,998,1998.1600341796875,-0.7487999796867371,5.172800064086914,34.907501220703125,35.00389862060547,argo_organized_data\float_6903569\profiles\cycle_044.json
6903569,46,,68.38676,-5.57238,D,A,1000,1000,1000,2000.06005859375,-0.7405999898910522,5.314300060272217,34.90700149536133,35.020599365234375,argo_organized_data\float_6903569\profiles\cycle_046.json
6903569,47,,68.35274,-5.84324,D,A,1000,1000,1000,1999.300048828125,-0.737500011920929,5.083700180053711,34.90760040283203,35.01350021362305,argo_organized_data\float_6903569\profiles\cycle_047.json
6903569,48,,68.14546,-5.91187,D,A,1000,1000,1000,1999.280029296875,-0.7444000244140625,4.7846999168396,34.907501220703125,34.998600006103516,argo_organized_data\float_6903569\profiles\cycle_048.json
6903569,49,,67.83338,-5.99888,D,A,999,999,999,2000.199951171875,-0.7538999915122986,4.490799903869629,34.88249969482422,34.98189926147461,argo_organized_data\float_6903569\profiles\cycle_049.json
6903569,50,,67.55389,-5.97124,D,A,999,999,999,1999.6700439453125,-0.7494999766349792,4.5559000968933105,34.89149856567383,34.99020004272461,argo_organized_data\float_6903569\profiles\cycle_050.json
6903569,51,,67.30061,-5.89289,D,A,1000,1000,1000,1999.27001953125,-0.7534999847412109,4.472400188446045,34.89580154418945,34.987098693847656,argo_organized_data\float_6903569\profiles\cycle_051.json
6903569,52,,67.10068,-5.9606,D,A,999,999,999,2000.27001953125,-0.743399977684021,4.36299991607666,34.86370086669922,34.97930145263672,argo_organized_data\float_6903569\profiles\cycle_052.json
6903569,53,,66.96389,-5.81725,D,A,999,999,999,2000.0999755859375,-0.741599977016449,4.279200077056885,34.89659881591797,34.979400634765625,argo_organized_data\float_6903569\profiles\cycle_053.json
6903569,54,,66.84377,-5.69283,D,A,999,999,999,1999.739990234375,-0.7383999824523926,4.200900077819824,34.898399353027344,34.988800048828125,argo_organized_data\float_6903569\profiles\cycle_054.json
6903569,55,,66.70608,-5.65327,D,A,999,999,999,2000.1700439453125,-0.7462000250816345,4.287300109863281,34.894798278808594,34.989200592041016,argo_organized_data\float_6903569\profiles\cycle_055.json
6903569,56,,66.66941,-5.7378,D,A,999,999,999,2000.18994140625,-0.7441999912261963,4.2891998291015625,34.89830017089844,34.98910140991211,argo_organized_data\float_6903569\profiles\cycle_056.json
6903569,57,,66.68005,-5.66595,D,A,997,997,997,1999.2099609375,-0.7404000163078308,4.083799839019775,34.89910125732422,34.982398986816406,argo_organized_data\float_6903569\profiles\cycle_057.json
6903569,59,,66.70168,-5.7653,D,A,1000,1000,1000,1999.219970703125,-0.7486000061035156,4.000199794769287,34.8838996887207,34.97249984741211,argo_organized_data\float_6903569\profiles\cycle_059.json
6903569,60,,66.70195,-5.70053,D,A,998,998,998,2000.260009765625,-0.7437999844551086,4.214000225067139,34.89759826660156,34.9734992980957,argo_organized_data\float_6903569\profiles\cycle_060.json
6903569,61,,66.69055,-5.40743,D,A,998,998,998,1999.6800537109375,-0.7422000169754028,4.1020002365112305,34.89970016479492,34.9744987487793,argo_organized_data\float_6903569\profiles\cycle_061.json
6903569,62,,66.59833,-5.17374,D,A,999,999,999,1999.1400146484375,-0.7444999814033508,4.085400104522705,34.88370132446289,34.96540069580078,argo_organized_data\float_6903569\profiles\cycle_062.json
6903569,63,,66.48038,-5.18835,D,A,1000,1000,1000,2000.1400146484375,-0.7389000058174133,4.011600017547607,34.89939880371094,34.97309875488281,argo_organized_data\float_6903569\profiles\cycle_063.json
6903569,64,,66.44266,-5.13861,D,A,999,999,999,2000.3499755859375,-0.7472000122070312,3.965100049972534,34.89799880981445,34.971099853515625,argo_organized_data\float_6903569\profiles\cycle_064.json
6903569,65,,66.42023,-4.80871,D,A,999,999,999,1998.47998046875,-0.7441999912261963,3.4210000038146973,34.899600982666016,34.935298919677734,argo_organized_data\float_6903569\profiles\cycle_065.json
6903569,66,,66.39886,-4.52599,D,A,999,999,999,1999.800048828125,-0.7491999864578247,3.9372000694274902,34.90060043334961,34.965999603271484,argo_organized_data\float_6903569\profiles\cycle_066.json
6903569,67,,66.24868,-4.56524,D,A,999,999,999,1999.3900146484375,-0.7455000281333923,3.869800090789795,34.90079879760742,34.9536018371582,argo_organized_data\float_6903569\profiles\cycle_067.json
6903569,68,,66.11971,-4.83055,D,A,997,997,997,1998.550048828125,-0.7487999796867371,4.018499851226807,34.90549850463867,34.96269989013672,argo_organized_data\float_6903569\profiles\cycle_068.json
6903569,69,,65.9295,-4.88973,D,A,999,999,999,2000.27001953125,-0.7476999759674072,4.059999942779541,34.90489959716797,34.9463005065918,argo_organized_data\float_6903569\profiles\cycle_069.json
6903569,70,,65.85165,-4.95055,D,A,999,999,999,1999.699951171875,-0.7580000162124634,4.079999923706055,34.90520095825195,34.95479965209961,argo_organized_data\float_6903569\profiles\cycle_070.json
6903569,71,,65.77182,-5.03411,D,A,999,999,999,1999.8599853515625,-0.7541000247001648,4.163700103759766,34.90530014038086,34.9557991027832,argo_organized_data\float_6903569\profiles\cycle_071.json
6903569,72,,65.71087,-5.07865,D,A,999,999,999,1999.0899658203125,-0.7610999941825867,4.145100116729736,34.904300689697266,34.96149826049805,argo_organized_data\float_6903569\profiles\cycle_072.json
6903569,73,,65.658,-5.11524,D,A,999,999,999,1999.739990234375,-0.7612000107765198,4.073500156402588,34.904300689697266,34.95819854736328,argo_organized_data\float_6903569\profiles\cycle_073.json
6903569,74,,65.57858,-5.15606,D,A,998,998,998,1998.1400146484375,-0.7605999708175659,4.084400177001953,34.904998779296875,34.957801818847656,argo_organized_data\float_6903569\profiles\cycle_074.json
6903569,75,,65.48601,-5.20181,D,A,999,999,999,1999.3299560546875,-0.7598000168800354,4.047299861907959,34.905601501464844,34.941200256347656,argo_organized_data\float_6903569\profiles\cycle_075.json
6903569,76,,65.38634,-5.29687,D,A,998,998,998,1998.22998046875,-0.755299985408783,4.091100215911865,34.90489959716797,34.93949890136719,argo_organized_data\float_6903569\profiles\cycle_076.json
6903569,77,,65.29608,-5.45229,D,A,998,998,998,1999.8399658203125,-0.7511000037193298,4.177999973297119,34.904998779296875,34.93880081176758,argo_organized_data\float_6903569\profiles\cycle_077.json
6903569,78,,65.20065,-5.67156,D,A,998,998,998,1999.9200439453125,-0.7563999891281128,4.070400238037109,34.904998779296875,34.946998596191406,argo_organized_data\float_6903569\profiles\cycle_078.json
6903569,79,,65.11617,-5.85236,D,A,999,999,999,1999.6800537109375,-0.7585999965667725,4.039999961853027,34.89860153198242,34.93560028076172,argo_organized_data\float_6903569\profiles\cycle_079.json
6903569,80,,65.04582,-6.07468,D,A,998,998,998,1998.469970703125,-0.7526999711990356,4.033400058746338,34.901100158691406,34.943199157714844,argo_organized_data\float_6903569\profiles\cycle_080.json
6903569,81,,64.96185,-6.29401,D,A,998,998,998,2000.3199462890625,-0.7439000010490417,4.077499866485596,34.89849853515625,34.94150161743164,argo_organized_data\float_6903569\profiles\cycle_081.json
6903569,82,,64.86006,-6.44744,D,A,1000,1000,1000,2001.68994140625,-0.7379000186920166,4.178999900817871,34.901798248291016,34.94390106201172,argo_organized_data\float_6903569\profiles\cycle_082.json
6903569,83,,64.75703,-6.41064,D,A,1000,1000,1000,2001.3299560546875,-0.7454000115394592,4.507599830627441,34.89950180053711,34.93960189819336,argo_organized_data\float_6903569\profiles\cycle_083.json
6903569,84,,64.75076,-6.30755,D,A,999,999,999,2000.3199462890625,-0.7488999962806702,4.719399929046631,34.90019989013672,34.938499450683594,argo_organized_data\float_6903569\profiles\cycle_084.json
6903569,85,,64.7635,-6.24425,D,A,1000,1000,1000,1999.9100341796875,-0.7470999956130981,4.960400104522705,34.89939880371094,34.937801361083984,argo_organized_data\float_6903569\profiles\cycle_085.json
6903569,86,,64.77594,-6.19107,D,A,1000,1000,1000,2001.030029296875,-0.7457000017166138,5.070099830627441,34.89590072631836,34.933799743652344,argo_organized_data\float_6903569\profiles\cycle_086.json
6903569,87,,64.79658,-6.11943,D,A,1000,1000,1000,2001.050048828125,-0.7491999864578247,5.167900085449219,34.880401611328125,34.92319869995117,argo_organized_data\float_6903569\profiles\cycle_087.json
6903569,88,,64.81997,-6.02171,D,A,1000,1000,1000,2001.25,-0.7541999816894531,5.682499885559082,34.87950134277344,34.92210006713867,argo_organized_data\float_6903569\profiles\cycle_088.json
6903569,89,,64.85922,-5.90989,D,A,1000,1000,1000,2001.1300048828125,-0.75,6.19290018081665,34.88209915161133,34.92789840698242,argo_organized_data\float_6903569\profiles\cycle_089.json
6903569,90,,64.89925,-5.76606,D,A,1000,1000,1000,2001.3699951171875,-0.751800000667572,6.150700092315674,34.89039993286133,34.926300048828125,argo_organized_data\float_6903569\profiles\cycle_090.json
6903569,91,,64.96241,-5.60475,D,A,1000,1000,1000,2001.199951171875,-0.7520999908447266,6.465799808502197,34.88850021362305,34.923301696777344,argo_organized_data\float_6903569\profiles\cycle_091.json
6903569,92,,65.02665,-5.50251,D,A,1000,1000,1000,2001.1600341796875,-0.7475000023841858,6.198800086975098,34.89440155029297,34.93130111694336,argo_organized_data\float_6903569\profiles\cycle_092.json
6903569,93,,65.05997,-5.44327,D,A,999,999,999,2000.06005859375,-0.7502999901771545,6.168799877166748,34.8848991394043,34.938499450683594,argo_organized_data\float_6903569\profiles\cycle_093.json
6903569,94,,65.09126,-5.39203,D,A,999,999,999,2000.1500244140625,-0.7426999807357788,6.2657999992370605,34.880401611328125,34.92829895019531,argo_organized_data\float_6903569\profiles\cycle_094.json
6903569,95,,65.111,-5.34832,D,A,1000,1000,1000,2001.3499755859375,-0.7419999837875366,6.413700103759766,34.885398864746094,34.93389892578125,argo_organized_data\float_6903569\profiles\cycle_095.json
6903569,96,,65.13469,-5.29437,D,A,1000,1000,1000,2001.1600341796875,-0.7394000291824341,7.113699913024902,34.85490036010742,34.94660186767578,argo_organized_data\float_6903569\profiles\cycle_096.json
6903569,97,,65.15079,-5.24951,D,A,999,999,999,2000.4100341796875,-0.7451000213623047,6.841000080108643,34.87260055541992,34.92720031738281,argo_organized_data\float_6903569\profiles\cycle_097.json
6903569,98,,65.15902,-5.22842,D,A,1000,1000,1000,2000.47998046875,-0.7462999820709229,6.893400192260742,34.87799835205078,34.9296989440918,argo_organized_data\float_6903569\profiles\cycle_098.json
6903569,99,,65.15359,-5.24102,D,A,1000,1000,1000,2001.27001953125,-0.7411999702453613,6.77839994430542,34.89699935913086,34.92290115356445,argo_organized_data\float_6903569\profiles\cycle_099.json
6903569,100,,65.14795,-5.23456,D,A,1000,1000,1000,2001.219970703125,-0.7426999807357788,7.255099773406982,34.891700744628906,34.93629837036133,argo_organized_data\float_6903569\profiles\cycle_100.json
6903569,101,,65.1393,-5.21422,D,A,1000,1000,1000,2001.280029296875,-0.7429999709129333,6.793300151824951,34.897300720214844,34.95389938354492,argo_organized_data\float_6903569\profiles\cycle_101.json
6903569,102,,65.15771,-5.11657,D,A,998,998,998,2000.0,-0.7447999715805054,7.582399845123291,34.89670181274414,34.96699905395508,argo_organized_data\float_6903569\profiles\cycle_102.json
6903569,103,,65.22182,-4.89275,D,A,1000,1000,1000,2001.3800048828125,-0.7440999746322632,9.225700378417969,34.85350036621094,34.96860122680664,argo_organized_data\float_6903569\profiles\cycle_103.json
6903569,104,,65.3151,-4.63126,D,A,999,999,999,1999.47998046875,-0.7537000179290771,9.112000465393066,34.84640121459961,34.95479965209961,argo_organized_data\float_6903569\profiles\cycle_104.json
6903569,105,,65.44086,-4.34654,D,A,1000,1000,1000,2001.1099853515625,-0.7603999972343445,8.148500442504883,34.817298889160156,34.96390151977539,argo_organized_data\float_6903569\profiles\cycle_105.json
6903569,106,,65.56252,-4.14743,D,A,1001,1001,1001,2001.1700439453125,-0.7631000280380249,9.019200325012207,34.889400482177734,34.99020004272461,argo_organized_data\float_6903569\profiles\cycle_106.json
6903569,107,,65.62612,-3.99762,D,A,1000,1000,1000,2001.449951171875,-0.753000020980835,9.514699935913086,34.88959884643555,34.95940017700195,argo_organized_data\float_6903569\profiles\cycle_107.json
6903569,108,,65.65593,-3.88404,D,A,1001,1001,1001,2001.550048828125,-0.7613999843597412,10.004899978637695,34.891700744628906,34.95940017700195,argo_organized_data\float_6903569\profiles\cycle_108.json
6903569,109,,65.71422,-3.84184,D,A,1001,1001,1001,2001.2900390625,-0.7537999749183655,10.567999839782715,34.891998291015625,34.958900451660156,argo_organized_data\float_6903569\profiles\cycle_109.json
6903569,110,,65.7464,-3.80762,D,A,1000,1000,1000,2001.2099609375,-0.7520999908447266,10.793999671936035,34.89350128173828,35.01959991455078,argo_organized_data\float_6903569\profiles\cycle_110.json
6903569,111,,65.81286,-3.73605,D,A,1001,1001,1001,2001.3599853515625,-0.7462999820709229,10.925399780273438,34.887001037597656,35.01639938354492,argo_organized_data\float_6903569\profiles\cycle_111.json
6903569,112,,65.89299,-3.60831,D,A,999,999,999,2001.5999755859375,-0.7450000047683716,10.69789981842041,34.9015998840332,34.98590087890625,argo_organized_data\float_6903569\profiles\cycle_112.json
6903569,113,,65.9252,-3.5415,D,A,1000,1000,1000,2001.1199951171875,-0.7523999810218811,10.780400276184082,34.89670181274414,34.973201751708984,argo_organized_data\float_6903569\profiles\cycle_113.json
6903569,114,,66.00943,-3.48063,D,A,999,999,999,2000.0699462890625,-0.7416999936103821,10.950599670410156,34.89619827270508,34.955299377441406,argo_organized_data\float_6903569\profiles\cycle_114.json
6903569,115,,66.03989,-3.46301,D,A,1001,1001,1001,2001.02001953125,-0.7533000111579895,10.772600173950195,34.88959884643555,35.060298919677734,argo_organized_data\float_6903569\profiles\cycle_115.json
6903569,116,,66.11943,-3.35469,D,A,999,999,999,2001.4100341796875,-0.7408000230789185,10.67140007019043,34.893699645996094,34.97909927368164,argo_organized_data\float_6903569\profiles\cycle_116.json
6903569,118,,66.03229,-3.13256,D,A,1000,1000,1000,2001.300048828125,-0.7519000172615051,10.65999984741211,34.90119934082031,35.01470184326172,argo_organized_data\float_6903569\profiles\cycle_118.json
6903569,119,,66.10132,-3.09762,D,A,999,999,999,2001.4599609375,-0.7390999794006348,9.160099983215332,34.897701263427734,35.02519989013672,argo_organized_data\float_6903569\profiles\cycle_119.json
6903569,120,,66.03157,-3.04518,D,A,1000,1000,1000,2000.22998046875,-0.7426000237464905,9.143199920654297,34.9026985168457,34.999698638916016,argo_organized_data\float_6903569\profiles\cycle_120.json
6903569,121,,65.94877,-3.13186,D,A,1000,1000,1000,2001.0799560546875,-0.7491999864578247,8.849100112915039,34.8848991394043,34.9900016784668,argo_organized_data\float_6903569\profiles\cycle_121.json
6903569,122,,66.04948,-3.05576,D,A,1001,1001,1001,2001.31005859375,-0.7386000156402588,8.829700469970703,34.8921012878418,34.99250030517578,argo_organized_data\float_6903569\profiles\cycle_122.json
6903569,123,,66.14901,-2.97603,D,A,999,999,999,2001.0400390625,-0.7343999743461609,8.125800132751465,34.89070129394531,34.99300003051758,argo_organized_data\float_6903569\profiles\cycle_123.json
6903569,124,,66.22314,-2.94284,D,A,999,999,999,1999.760009765625,-0.7386000156402588,7.557400226593018,34.9015998840332,34.98040008544922,argo_organized_data\float_6903569\profiles\cycle_124.json
6903569,125,,66.23656,-2.83197,D,A,1000,1000,1000,2001.0400390625,-0.742900013923645,7.60260009765625,34.90230178833008,34.982398986816406,argo_organized_data\float_6903569\profiles\cycle_125.json
6903569,126,,66.27254,-2.85106,D,A,1000,1000,1000,2001.280029296875,-0.7563999891281128,7.278299808502197,34.89080047607422,34.9818000793457,argo_organized_data\float_6903569\profiles\cycle_126.json
6903569,127,,66.44006,-2.88798,D,A,1000,1000,1000,2001.010009765625,-0.7585999965667725,7.625999927520752,34.89759826660156,34.97529983520508,argo_organized_data\float_6903569\profiles\cycle_127.json
6903569,128,,66.40677,-2.7037,D,A,1000,1000,1000,2001.0799560546875,-0.7631999850273132,6.869699954986572,34.90409851074219,35.017799377441406,argo_organized_data\float_6903569\profiles\cycle_128.json
6903569,129,,66.43722,-2.67661,D,A,1000,1000,1000,2001.510009765625,-0.754800021648407,6.455100059509277,34.90380096435547,34.9994010925293,argo_organized_data\float_6903569\profiles\cycle_129.json
6903569,130,,66.45898,-2.59407,D,A,1000,1000,1000,2000.4000244140625,-0.7601000070571899,6.559199810028076,34.90330123901367,34.98210144042969,argo_organized_data\float_6903569\profiles\cycle_130.json
6903569,131,,66.37946,-2.49515,D,A,999,999,999,1999.6700439453125,-0.7540000081062317,6.421999931335449,34.902099609375,34.979801177978516,argo_organized_data\float_6903569\profiles\cycle_131.json
6903569,132,,66.31551,-2.66946,D,A,1001,1001,1001,2001.3900146484375,-0.7602999806404114,6.2170000076293945,34.903099060058594,34.97019958496094,argo_organized_data\float_6903569\profiles\cycle_132.json
6903569,133,,66.30949,-2.87191,D,A,998,998,998,2001.4100341796875,-0.7666000127792358,5.832900047302246,34.902801513671875,34.96160125732422,argo_organized_data\float_6903569\profiles\cycle_133.json
6903569,134,,66.38652,-2.95082,D,A,999,999,999,2001.02001953125,-0.755299985408783,5.417300224304199,34.90119934082031,34.95330047607422,argo_organized_data\float_6903569\profiles\cycle_134.json
6903569,135,,66.46424,-2.98308,D,A,1000,1000,1000,2001.760009765625,-0.7486000061035156,5.289999961853027,34.9026985168457,34.94449996948242,argo_organized_data\float_6903569\profiles\cycle_135.json
6903569,136,,66.53736,-2.85649,D,A,1000,1000,1000,2001.550048828125,-0.7465999722480774,5.213799953460693,34.89469909667969,34.954200744628906,argo_organized_data\float_6903569\profiles\cycle_136.json
6903569,137,,66.63642,-2.76844,D,A,1000,1000,1000,2001.719970703125,-0.7455999851226807,5.523799896240234,34.9026985168457,34.96860122680664,argo_organized_data\float_6903569\profiles\cycle_137.json
6903569,138,,66.7023,-2.75246,D,A,1000,1000,1000,2001.18994140625,-0.7526999711990356,5.594200134277344,34.89860153198242,34.999000549316406,argo_organized_data\float_6903569\profiles\cycle_138.json
6903569,139,,66.79435,-2.81052,D,A,999,999,999,2000.4000244140625,-0.7426999807357788,5.51230001449585,34.9025993347168,34.99330139160156,argo_organized_data\float_6903569\profiles\cycle_139.json
6903569,140,,66.79369,-2.88491,D,A,1000,1000,1000,2001.3199462890625,-0.7491000294685364,4.8821001052856445,34.901100158691406,34.96910095214844,argo_organized_data\float_6903569\profiles\cycle_140.json
6903569,143,,67.02943,-2.49638,D,A,1000,1000,1000,2001.77001953125,-0.7408000230789185,4.788899898529053,34.89500045776367,34.98569869995117,argo_organized_data\float_6903569\profiles\cycle_143.json
6903569,144,,67.04341,-2.37791,D,A,1000,1000,1000,2001.0999755859375,-0.7494000196456909,4.522500038146973,34.89939880371094,34.968101501464844,argo_organized_data\float_6903569\profiles\cycle_144.json
6903569,145,,67.07113,-2.27442,D,A,1000,1000,1000,2001.3499755859375,-0.7497000098228455,4.32859992980957,34.89860153198242,34.958499908447266,argo_organized_data\float_6903569\profiles\cycle_145.json
6903569,146,,67.18568,-2.19801,D,A,1000,1000,1000,2001.3199462890625,-0.7537999749183655,4.193999767303467,34.89070129394531,34.945701599121094,argo_organized_data\float_6903569\profiles\cycle_146.json
6903569,147,,67.41634,-1.78983,D,A,1000,1000,1000,2001.0400390625,-0.756600022315979,4.041100025177002,34.895301818847656,34.96480178833008,argo_organized_data\float_6903569\profiles\cycle_147.json
6903569,148,,67.66595,-1.34388,D,A,999,999,999,2000.3599853515625,-0.7458999752998352,3.994499921798706,34.90039825439453,34.973899841308594,argo_organized_data\float_6903569\profiles\cycle_148.json
6903569,149,,67.75646,-0.93387,D,A,999,999,999,1999.6600341796875,-0.7434999942779541,4.108500003814697,34.90019989013672,34.98789978027344,argo_organized_data\float_6903569\profiles\cycle_149.json
6903569,150,,67.90932,-0.88056,D,A,999,999,999,2000.4200439453125,-0.7422000169754028,3.796799898147583,34.900699615478516,34.99570083618164,argo_organized_data\float_6903569\profiles\cycle_150.json
6903569,151,,68.01943,-0.91428,D,A,999,999,999,2000.030029296875,-0.7515000104904175,5.562699794769287,34.89139938354492,35.04869842529297,argo_organized_data\float_6903569\profiles\cycle_151.json
6903569,154,,68.30106,-1.81255,D,A,1000,1000,1000,2001.8800048828125,-0.7391999959945679,4.666500091552734,34.89080047607422,35.000099182128906,argo_organized_data\float_6903569\profiles\cycle_154.json
6903569,156,,68.52353,-2.28569,D,A,1000,1000,1000,2001.550048828125,-0.7366999983787537,4.299200057983398,34.89569854736328,34.99909973144531,argo_organized_data\float_6903569\profiles\cycle_156.json
6903569,157,,68.61475,-2.31221,D,A,1000,1000,1000,2001.47998046875,-0.7343000173568726,4.461599826812744,34.89469909667969,35.00270080566406,argo_organized_data\float_6903569\profiles\cycle_157.json
6903569,160,,68.61464,-3.20295,D,A,1001,1001,1001,2001.77001953125,-0.734499990940094,4.562900066375732,34.89390182495117,35.0004997253418,argo_organized_data\float_6903569\profiles\cycle_160.json
6903569,161,,68.54372,-3.83343,D,A,1001,1001,1001,2001.719970703125,-0.728600025177002,4.7916998863220215,34.895599365234375,35.014198303222656,argo_organized_data\float_6903569\profiles\cycle_161.json
6903569,162,,68.38641,-4.07476,D,A,1000,1000,1000,2001.3199462890625,-0.7541999816894531,4.393799781799316,34.897098541259766,35.01100158691406,argo_organized_data\float_6903569\profiles\cycle_162.json
6903569,165,,68.132195,-4.71694,D,A,1000,1000,1000,2001.2900390625,-0.7394999861717224,4.216599941253662,34.89339828491211,34.990699768066406,argo_organized_data\float_6903569\profiles\cycle_165.json
