float_id,cycle_number,profile_date,latitude,longitude,num_measurements,max_pressure,min_pressure,temp_range,psal_range,data_mode,file_path
6903569,1,2020-05-17 17:55:20,66.98785,-0.49753,1006,2012.300048828125,2.390000104904175,-0.75 to 5.66,34.91 to 35.06,D,argo_indian_ocean_data\float_6903569\profiles\profile_cycle_001.nc
6903569,2,2020-05-23 08:25:37,66.89641,-0.60942,1006,2013.4599609375,2.6600000858306885,-0.76 to 6.40,34.91 to 35.08,D,argo_indian_ocean_data\float_6903569\profiles\profile_cycle_002.nc
6903569,3,2020-05-28 08:34:41,66.79723,-0.69851,1006,2013.800048828125,4.079999923706055,-0.76 to 6.04,34.91 to 35.05,D,argo_indian_ocean_data\float_6903569\profiles\profile_cycle_003.nc
6903569,4,2020-06-02 08:38:16,66.87862,-0.97252,1005,2012.1099853515625,4.119999885559082,-0.76 to 7.36,34.91 to 35.11,D,argo_indian_ocean_data\float_6903569\profiles\profile_cycle_004.nc
6903569,5,2020-06-07 08:31:56,67.09683,-1.2693,1004,2009.9100341796875,4.480000019073486,-0.74 to 6.64,34.91 to 35.08,D,argo_indian_ocean_data\float_6903569\profiles\profile_cycle_005.nc
6903569,6,2020-06-12 08:43:08,67.23725,-1.17558,1006,2013.2900390625,4.440000057220459,-0.75 to 8.26,34.91 to 35.12,D,argo_indian_ocean_data\float_6903569\profiles\profile_cycle_006.nc
6903569,7,2020-06-17 08:43:46,67.12635,-0.7855,1004,2011.1400146484375,4.0,-0.74 to 7.11,34.91 to 35.03,D,argo_indian_ocean_data\float_6903569\profiles\profile_cycle_007.nc
6903569,8,2020-06-22 08:33:00,67.14356,-1.34163,1003,2009.6300048828125,4.420000076293945,-0.74 to 8.32,34.91 to 35.03,D,argo_indian_ocean_data\float_6903569\profiles\profile_cycle_008.nc
6903569,9,2020-06-27 09:02:34,67.18652,-1.27701,1004,2009.75,4.340000152587891,-0.74 to 8.18,34.91 to 35.07,D,argo_indian_ocean_data\float_6903569\profiles\profile_cycle_009.nc
6903569,10,2020-07-02 08:46:51,67.145,-1.49936,1005,2011.1400146484375,4.420000076293945,-0.75 to 8.03,34.91 to 35.02,D,argo_indian_ocean_data\float_6903569\profiles\profile_cycle_010.nc
6903569,11,2020-07-07 08:51:15,67.10981,-2.12297,1004,2007.8800048828125,2.9100000858306885,-0.73 to 8.72,34.91 to 35.08,D,argo_indian_ocean_data\float_6903569\profiles\profile_cycle_011.nc
6903569,12,2020-07-12 08:55:14,67.10375,-2.43083,1002,2007.199951171875,4.420000076293945,-0.73 to 8.96,34.91 to 35.10,D,argo_indian_ocean_data\float_6903569\profiles\profile_cycle_012.nc
6903569,13,2020-07-17 08:57:04,67.06078,-2.56921,1002,2005.9000244140625,4.460000038146973,-0.74 to 9.67,34.91 to 35.08,D,argo_indian_ocean_data\float_6903569\profiles\profile_cycle_013.nc
6903569,14,2020-07-22 09:07:41,67.13525,-2.53941,1003,2006.280029296875,2.740000009536743,-0.73 to 9.88,34.91 to 35.07,D,argo_indian_ocean_data\float_6903569\profiles\profile_cycle_014.nc
6903569,15,2020-07-27 09:15:31,67.13998,-2.89239,1001,2005.25,4.210000038146973,-0.76 to 10.56,34.91 to 35.06,D,argo_indian_ocean_data\float_6903569\profiles\profile_cycle_015.nc
6903569,16,2020-08-01 09:01:42,66.99577,-2.98637,1002,2005.3399658203125,4.409999847412109,-0.75 to 10.24,34.91 to 35.07,D,argo_indian_ocean_data\float_6903569\profiles\profile_cycle_016.nc
6903569,17,2020-08-06 09:17:51,66.9584,-2.83368,1003,2005.5699462890625,2.8299999237060547,-0.75 to 10.76,34.90 to 35.10,D,argo_indian_ocean_data\float_6903569\profiles\profile_cycle_017.nc
6903569,18,2020-08-12 09:28:11,67.10445,-2.49496,1001,2003.5999755859375,4.309999942779541,-0.74 to 11.10,34.91 to 35.06,D,argo_indian_ocean_data\float_6903569\profiles\profile_cycle_018.nc
6903569,19,2020-08-18 09:11:50,67.19703,-2.76869,1000,2002.1300048828125,2.890000104904175,-0.76 to 10.94,34.90 to 35.08,D,argo_indian_ocean_data\float_6903569\profiles\profile_cycle_019.nc
6903569,20,2020-08-24 09:30:48,67.21807,-2.90153,999,2001.9200439453125,4.090000152587891,-0.76 to 10.28,34.91 to 35.05,D,argo_indian_ocean_data\float_6903569\profiles\profile_cycle_020.nc
6903569,22,2020-09-04 10:16:22,67.41052,-3.6511,1000,2001.1199951171875,4.090000152587891,-0.73 to 10.21,34.91 to 35.10,D,argo_indian_ocean_data\float_6903569\profiles\profile_cycle_022.nc
6903569,23,2020-09-09 10:39:46,67.54587,-3.81387,999,1999.0400390625,2.5199999809265137,-0.74 to 9.49,34.91 to 35.07,D,argo_indian_ocean_data\float_6903569\profiles\profile_cycle_023.nc
6903569,24,2020-09-14 11:16:08,67.71487,-3.81656,1000,2001.1199951171875,4.420000076293945,-0.72 to 9.36,34.91 to 35.09,D,argo_indian_ocean_data\float_6903569\profiles\profile_cycle_024.nc
6903569,25,2020-09-19 09:54:31,67.95279,-3.99043,1000,2000.239990234375,2.5299999713897705,-0.73 to 8.75,34.91 to 35.10,D,argo_indian_ocean_data\float_6903569\profiles\profile_cycle_025.nc
6903569,26,2020-09-24 09:55:19,68.13749,-4.23522,998,2000.02001953125,4.039999961853027,-0.74 to 8.35,34.91 to 35.03,D,argo_indian_ocean_data\float_6903569\profiles\profile_cycle_026.nc
6903569,27,2020-09-29 10:21:14,68.12678,-4.4247,999,1998.1400146484375,2.5899999141693115,-0.74 to 7.81,34.91 to 35.08,D,argo_indian_ocean_data\float_6903569\profiles\profile_cycle_027.nc
6903569,28,2020-10-04 11:22:53,68.02195,-4.36511,999,1999.3399658203125,4.360000133514404,-0.74 to 7.71,34.91 to 35.06,D,argo_indian_ocean_data\float_6903569\profiles\profile_cycle_028.nc
6903569,29,2020-10-09 09:53:56,67.9924,-4.19501,999,1999.6500244140625,4.420000076293945,-0.73 to 7.99,34.91 to 35.06,D,argo_indian_ocean_data\float_6903569\profiles\profile_cycle_029.nc
6903569,30,2020-10-14 09:45:55,68.00429,-4.10582,1000,2000.510009765625,2.569999933242798,-0.74 to 7.65,34.91 to 35.06,D,argo_indian_ocean_data\float_6903569\profiles\profile_cycle_030.nc
6903569,31,2020-10-19 10:10:18,68.00735,-4.11705,998,1999.1800537109375,4.010000228881836,-0.74 to 7.53,34.91 to 35.04,D,argo_indian_ocean_data\float_6903569\profiles\profile_cycle_031.nc
6903569,32,2020-10-24 11:16:02,67.99953,-4.08542,998,1999.31005859375,4.190000057220459,-0.74 to 7.37,34.91 to 35.05,D,argo_indian_ocean_data\float_6903569\profiles\profile_cycle_032.nc
6903569,33,2020-10-29 10:20:39,67.91903,-3.68209,999,1999.010009765625,4.309999942779541,-0.73 to 6.99,34.91 to 35.03,D,argo_indian_ocean_data\float_6903569\profiles\profile_cycle_033.nc
6903569,34,2020-11-03 10:43:35,67.91803,-3.36295,999,1998.1199951171875,2.7799999713897705,-0.74 to 7.01,34.91 to 35.02,D,argo_indian_ocean_data\float_6903569\profiles\profile_cycle_034.nc
6903569,35,2020-11-08 10:13:21,67.98054,-3.35318,999,1998.3699951171875,2.75,-0.73 to 6.56,34.91 to 35.03,D,argo_indian_ocean_data\float_6903569\profiles\profile_cycle_035.nc
6903569,36,2020-11-13 10:42:36,68.0982,-3.51807,998,1998.5400390625,4.409999847412109,-0.74 to 6.45,34.91 to 35.03,D,argo_indian_ocean_data\float_6903569\profiles\profile_cycle_036.nc
6903569,37,2020-11-18 10:06:48,68.24365,-3.79354,1000,1999.9200439453125,2.5299999713897705,-0.75 to 6.18,34.91 to 35.01,D,argo_indian_ocean_data\float_6903569\profiles\profile_cycle_037.nc
6903569,38,2020-11-23 10:19:18,68.30225,-3.98659,999,1999.7900390625,4.400000095367432,-0.75 to 6.64,34.91 to 35.05,D,argo_indian_ocean_data\float_6903569\profiles\profile_cycle_038.nc
6903569,39,2020-11-28 10:31:50,68.296,-4.10524,997,1999.1400146484375,4.449999809265137,-0.75 to 6.01,34.91 to 35.03,D,argo_indian_ocean_data\float_6903569\profiles\profile_cycle_039.nc
6903569,40,2020-12-03 10:11:39,68.22987,-4.23139,998,2000.050048828125,4.420000076293945,-0.74 to 6.04,34.91 to 35.03,D,argo_indian_ocean_data\float_6903569\profiles\profile_cycle_040.nc
6903569,41,2020-12-08 10:14:56,68.21972,-4.42624,999,1999.280029296875,4.449999809265137,-0.74 to 6.28,34.91 to 35.04,D,argo_indian_ocean_data\float_6903569\profiles\profile_cycle_041.nc
6903569,42,2020-12-13 10:10:56,68.24522,-4.83987,1000,2000.510009765625,2.8299999237060547,-0.74 to 5.68,34.91 to 35.01,D,argo_indian_ocean_data\float_6903569\profiles\profile_cycle_042.nc
6903569,43,2020-12-18 10:23:23,68.25045,-5.01452,1000,1999.530029296875,2.559999942779541,-0.75 to 5.33,34.91 to 35.01,D,argo_indian_ocean_data\float_6903569\profiles\profile_cycle_043.nc
6903569,44,2020-12-23 10:44:02,68.26696,-4.98166,998,1998.1600341796875,4.460000038146973,-0.75 to 5.17,34.91 to 35.00,D,argo_indian_ocean_data\float_6903569\profiles\profile_cycle_044.nc
6903569,46,2021-01-02 09:50:02,68.38676,-5.57238,1000,2000.06005859375,2.5199999809265137,-0.74 to 5.31,34.91 to 35.02,D,argo_indian_ocean_data\float_6903569\profiles\profile_cycle_046.nc
6903569,47,2021-01-07 10:21:32,68.35274,-5.84324,1000,1999.300048828125,2.630000114440918,-0.74 to 5.08,34.91 to 35.01,D,argo_indian_ocean_data\float_6903569\profiles\profile_cycle_047.nc
6903569,48,2021-01-12 10:07:30,68.14546,-5.91187,1000,1999.280029296875,2.9100000858306885,-0.74 to 4.78,34.91 to 35.00,D,argo_indian_ocean_data\float_6903569\profiles\profile_cycle_048.nc
6903569,49,2021-01-17 10:16:10,67.83338,-5.99888,999,2000.199951171875,4.289999961853027,-0.75 to 4.49,34.88 to 34.98,D,argo_indian_ocean_data\float_6903569\profiles\profile_cycle_049.nc
6903569,50,2021-01-22 10:28:06,67.55389,-5.97124,999,1999.6700439453125,4.460000038146973,-0.75 to 4.56,34.89 to 34.99,D,argo_indian_ocean_data\float_6903569\profiles\profile_cycle_050.nc
6903569,51,2021-01-27 11:27:49,67.30061,-5.89289,1000,1999.27001953125,2.490000009536743,-0.75 to 4.47,34.90 to 34.99,D,argo_indian_ocean_data\float_6903569\profiles\profile_cycle_051.nc
6903569,52,2021-02-01 10:00:53,67.10068,-5.9606,999,2000.27001953125,4.389999866485596,-0.74 to 4.36,34.86 to 34.98,D,argo_indian_ocean_data\float_6903569\profiles\profile_cycle_052.nc
6903569,53,2021-02-06 10:32:33,66.96389,-5.81725,999,2000.0999755859375,4.440000057220459,-0.74 to 4.28,34.90 to 34.98,D,argo_indian_ocean_data\float_6903569\profiles\profile_cycle_053.nc
6903569,54,2021-02-11 09:52:41,66.84377,-5.69283,999,1999.739990234375,4.429999828338623,-0.74 to 4.20,34.90 to 34.99,D,argo_indian_ocean_data\float_6903569\profiles\profile_cycle_054.nc
6903569,55,2021-02-16 10:14:53,66.70608,-5.65327,999,2000.1700439453125,4.420000076293945,-0.75 to 4.29,34.89 to 34.99,D,argo_indian_ocean_data\float_6903569\profiles\profile_cycle_055.nc
6903569,56,2021-02-21 10:09:31,66.66941,-5.7378,999,2000.18994140625,4.5,-0.74 to 4.29,34.90 to 34.99,D,argo_indian_ocean_data\float_6903569\profiles\profile_cycle_056.nc
6903569,57,2021-02-26 10:02:29,66.68005,-5.66595,997,1999.2099609375,4.440000057220459,-0.74 to 4.08,34.90 to 34.98,D,argo_indian_ocean_data\float_6903569\profiles\profile_cycle_057.nc
6903569,59,2021-03-08 09:54:13,66.70168,-5.7653,1000,1999.219970703125,2.759999990463257,-0.75 to 4.00,34.88 to 34.97,D,argo_indian_ocean_data\float_6903569\profiles\profile_cycle_059.nc
6903569,60,2021-03-13 10:11:46,66.70195,-5.70053,998,2000.260009765625,4.360000133514404,-0.74 to 4.21,34.90 to 34.97,D,argo_indian_ocean_data\float_6903569\profiles\profile_cycle_060.nc
6903569,61,2021-03-18 10:17:22,66.69055,-5.40743,998,1999.6800537109375,4.269999980926514,-0.74 to 4.10,34.90 to 34.97,D,argo_indian_ocean_data\float_6903569\profiles\profile_cycle_061.nc
6903569,62,2021-03-23 11:27:22,66.59833,-5.17374,999,1999.1400146484375,4.46999979019165,-0.74 to 4.09,34.88 to 34.97,D,argo_indian_ocean_data\float_6903569\profiles\profile_cycle_062.nc
6903569,63,2021-03-28 11:01:40,66.48038,-5.18835,1000,2000.1400146484375,2.9800000190734863,-0.74 to 4.01,34.90 to 34.97,D,argo_indian_ocean_data\float_6903569\profiles\profile_cycle_063.nc
6903569,64,2021-04-02 10:09:26,66.44266,-5.13861,999,2000.3499755859375,4.440000057220459,-0.75 to 3.97,34.90 to 34.97,D,argo_indian_ocean_data\float_6903569\profiles\profile_cycle_064.nc
6903569,65,2021-04-07 10:31:10,66.42023,-4.80871,999,1998.47998046875,2.619999885559082,-0.74 to 3.42,34.90 to 34.94,D,argo_indian_ocean_data\float_6903569\profiles\profile_cycle_065.nc
6903569,66,2021-04-12 10:02:06,66.39886,-4.52599,999,1999.800048828125,4.480000019073486,-0.75 to 3.94,34.90 to 34.97,D,argo_indian_ocean_data\float_6903569\profiles\profile_cycle_066.nc
6903569,67,2021-04-17 10:22:32,66.24868,-4.56524,999,1999.3900146484375,4.369999885559082,-0.75 to 3.87,34.90 to 34.95,D,argo_indian_ocean_data\float_6903569\profiles\profile_cycle_067.nc
6903569,68,2021-04-22 10:09:26,66.11971,-4.83055,997,1998.550048828125,4.130000114440918,-0.75 to 4.02,34.91 to 34.96,D,argo_indian_ocean_data\float_6903569\profiles\profile_cycle_068.nc
6903569,69,2021-04-27 10:37:21,65.9295,-4.88973,999,2000.27001953125,4.050000190734863,-0.75 to 4.06,34.90 to 34.95,D,argo_indian_ocean_data\float_6903569\profiles\profile_cycle_069.nc
6903569,70,2021-04-29 11:03:32,65.85165,-4.95055,999,1999.699951171875,4.429999828338623,-0.76 to 4.08,34.91 to 34.95,D,argo_indian_ocean_data\float_6903569\profiles\profile_cycle_070.nc
6903569,71,2021-05-01 10:36:21,65.77182,-5.03411,999,1999.8599853515625,4.019999980926514,-0.75 to 4.16,34.91 to 34.96,D,argo_indian_ocean_data\float_6903569\profiles\profile_cycle_071.nc
6903569,72,2021-05-03 10:41:06,65.71087,-5.07865,999,1999.0899658203125,2.880000114440918,-0.76 to 4.15,34.90 to 34.96,D,argo_indian_ocean_data\float_6903569\profiles\profile_cycle_072.nc
6903569,73,2021-05-05 09:54:20,65.658,-5.11524,999,1999.739990234375,4.420000076293945,-0.76 to 4.07,34.90 to 34.96,D,argo_indian_ocean_data\float_6903569\profiles\profile_cycle_073.nc
6903569,74,2021-05-07 09:58:23,65.57858,-5.15606,998,1998.1400146484375,4.409999847412109,-0.76 to 4.08,34.90 to 34.96,D,argo_indian_ocean_data\float_6903569\profiles\profile_cycle_074.nc
6903569,75,2021-05-09 10:03:41,65.48601,-5.20181,999,1999.3299560546875,4.099999904632568,-0.76 to 4.05,34.91 to 34.94,D,argo_indian_ocean_data\float_6903569\profiles\profile_cycle_075.nc
6903569,76,2021-05-11 10:09:25,65.38634,-5.29687,998,1998.22998046875,4.159999847412109,-0.76 to 4.09,34.90 to 34.94,D,argo_indian_ocean_data\float_6903569\profiles\profile_cycle_076.nc
6903569,77,2021-05-13 10:03:38,65.29608,-5.45229,998,1999.8399658203125,3.990000009536743,-0.75 to 4.18,34.90 to 34.94,D,argo_indian_ocean_data\float_6903569\profiles\profile_cycle_077.nc
6903569,78,2021-05-15 10:23:18,65.20065,-5.67156,998,1999.9200439453125,4.440000057220459,-0.76 to 4.07,34.90 to 34.95,D,argo_indian_ocean_data\float_6903569\profiles\profile_cycle_078.nc
6903569,79,2021-05-17 09:54:03,65.11617,-5.85236,999,1999.6800537109375,4.380000114440918,-0.76 to 4.04,34.90 to 34.94,D,argo_indian_ocean_data\float_6903569\profiles\profile_cycle_079.nc
6903569,80,2021-05-19 10:40:51,65.04582,-6.07468,998,1998.469970703125,4.309999942779541,-0.75 to 4.03,34.90 to 34.94,D,argo_indian_ocean_data\float_6903569\profiles\profile_cycle_080.nc
6903569,81,2021-05-21 10:25:30,64.96185,-6.29401,998,2000.3199462890625,4.369999885559082,-0.74 to 4.08,34.90 to 34.94,D,argo_indian_ocean_data\float_6903569\profiles\profile_cycle_081.nc
6903569,82,2021-05-23 09:37:14,64.86006,-6.44744,1000,2001.68994140625,4.329999923706055,-0.74 to 4.18,34.90 to 34.94,D,argo_indian_ocean_data\float_6903569\profiles\profile_cycle_082.nc
6903569,83,2021-05-26 10:01:02,64.75703,-6.41064,1000,2001.3299560546875,4.449999809265137,-0.75 to 4.51,34.90 to 34.94,D,argo_indian_ocean_data\float_6903569\profiles\profile_cycle_083.nc
6903569,84,2021-05-28 09:47:12,64.75076,-6.30755,999,2000.3199462890625,4.369999885559082,-0.75 to 4.72,34.90 to 34.94,D,argo_indian_ocean_data\float_6903569\profiles\profile_cycle_084.nc
6903569,85,2021-05-30 09:49:31,64.7635,-6.24425,1000,1999.9100341796875,2.5799999237060547,-0.75 to 4.96,34.90 to 34.94,D,argo_indian_ocean_data\float_6903569\profiles\profile_cycle_085.nc
6903569,86,2021-06-01 10:03:53,64.77594,-6.19107,1000,2001.030029296875,4.489999771118164,-0.75 to 5.07,34.90 to 34.93,D,argo_indian_ocean_data\float_6903569\profiles\profile_cycle_086.nc
6903569,87,2021-06-03 10:02:42,64.79658,-6.11943,1000,2001.050048828125,4.480000019073486,-0.75 to 5.17,34.88 to 34.92,D,argo_indian_ocean_data\float_6903569\profiles\profile_cycle_087.nc
6903569,88,2021-06-05 10:06:14,64.81997,-6.02171,1000,2001.25,4.449999809265137,-0.75 to 5.68,34.88 to 34.92,D,argo_indian_ocean_data\float_6903569\profiles\profile_cycle_088.nc
6903569,89,2021-06-07 09:59:54,64.85922,-5.90989,1000,2001.1300048828125,4.329999923706055,-0.75 to 6.19,34.88 to 34.93,D,argo_indian_ocean_data\float_6903569\profiles\profile_cycle_089.nc
6903569,90,2021-06-09 10:13:27,64.89925,-5.76606,1000,2001.3699951171875,4.389999866485596,-0.75 to 6.15,34.89 to 34.93,D,argo_indian_ocean_data\float_6903569\profiles\profile_cycle_090.nc
6903569,91,2021-06-11 09:56:59,64.96241,-5.60475,1000,2001.199951171875,4.420000076293945,-0.75 to 6.47,34.89 to 34.92,D,argo_indian_ocean_data\float_6903569\profiles\profile_cycle_091.nc
6903569,92,2021-06-13 10:06:28,65.02665,-5.50251,1000,2001.1600341796875,4.400000095367432,-0.75 to 6.20,34.89 to 34.93,D,argo_indian_ocean_data\float_6903569\profiles\profile_cycle_092.nc
6903569,93,2021-06-15 09:43:19,65.05997,-5.44327,999,2000.06005859375,4.230000019073486,-0.75 to 6.17,34.88 to 34.94,D,argo_indian_ocean_data\float_6903569\profiles\profile_cycle_093.nc
6903569,94,2021-06-17 09:48:12,65.09126,-5.39203,999,2000.1500244140625,4.460000038146973,-0.74 to 6.27,34.88 to 34.93,D,argo_indian_ocean_data\float_6903569\profiles\profile_cycle_094.nc
6903569,95,2021-06-19 10:02:33,65.111,-5.34832,1000,2001.3499755859375,4.400000095367432,-0.74 to 6.41,34.89 to 34.93,D,argo_indian_ocean_data\float_6903569\profiles\profile_cycle_095.nc
6903569,96,2021-06-21 09:55:07,65.13469,-5.29437,1000,2001.1600341796875,4.480000019073486,-0.74 to 7.11,34.85 to 34.95,D,argo_indian_ocean_data\float_6903569\profiles\profile_cycle_096.nc
6903569,97,2021-06-23 10:26:53,65.15079,-5.24951,999,2000.4100341796875,4.369999885559082,-0.75 to 6.84,34.87 to 34.93,D,argo_indian_ocean_data\float_6903569\profiles\profile_cycle_097.nc
6903569,98,2021-06-25 10:09:12,65.15902,-5.22842,1000,2000.47998046875,2.359999895095825,-0.75 to 6.89,34.88 to 34.93,D,argo_indian_ocean_data\float_6903569\profiles\profile_cycle_098.nc
6903569,99,2021-06-27 09:37:48,65.15359,-5.24102,1000,2001.27001953125,4.460000038146973,-0.74 to 6.78,34.90 to 34.92,D,argo_indian_ocean_data\float_6903569\profiles\profile_cycle_099.nc
6903569,100,2021-06-29 09:55:10,65.14795,-5.23456,1000,2001.219970703125,4.300000190734863,-0.74 to 7.26,34.89 to 34.94,D,argo_indian_ocean_data\float_6903569\profiles\profile_cycle_100.nc
6903569,101,2021-07-01 10:13:26,65.1393,-5.21422,1000,2001.280029296875,4.480000019073486,-0.74 to 6.79,34.90 to 34.95,D,argo_indian_ocean_data\float_6903569\profiles\profile_cycle_101.nc
6903569,102,2021-07-03 09:53:39,65.15771,-5.11657,998,2000.0,4.389999866485596,-0.74 to 7.58,34.90 to 34.97,D,argo_indian_ocean_data\float_6903569\profiles\profile_cycle_102.nc
6903569,103,2021-07-08 10:08:01,65.22182,-4.89275,1000,2001.3800048828125,4.449999809265137,-0.74 to 9.23,34.85 to 34.97,D,argo_indian_ocean_data\float_6903569\profiles\profile_cycle_103.nc
6903569,104,2021-07-13 10:05:12,65.3151,-4.63126,999,1999.47998046875,4.46999979019165,-0.75 to 9.11,34.85 to 34.95,D,argo_indian_ocean_data\float_6903569\profiles\profile_cycle_104.nc
6903569,105,2021-07-18 10:12:30,65.44086,-4.34654,1000,2001.1099853515625,4.360000133514404,-0.76 to 8.15,34.82 to 34.96,D,argo_indian_ocean_data\float_6903569\profiles\profile_cycle_105.nc
6903569,106,2021-07-23 10:02:12,65.56252,-4.14743,1001,2001.1700439453125,2.890000104904175,-0.76 to 9.02,34.89 to 34.99,D,argo_indian_ocean_data\float_6903569\profiles\profile_cycle_106.nc
6903569,107,2021-07-28 10:06:36,65.62612,-3.99762,1000,2001.449951171875,2.700000047683716,-0.75 to 9.51,34.89 to 34.96,D,argo_indian_ocean_data\float_6903569\profiles\profile_cycle_107.nc
6903569,108,2021-08-02 10:03:57,65.65593,-3.88404,1001,2001.550048828125,2.5999999046325684,-0.76 to 10.00,34.89 to 34.96,D,argo_indian_ocean_data\float_6903569\profiles\profile_cycle_108.nc
6903569,109,2021-08-07 09:59:45,65.71422,-3.84184,1001,2001.2900390625,2.8299999237060547,-0.75 to 10.57,34.89 to 34.96,D,argo_indian_ocean_data\float_6903569\profiles\profile_cycle_109.nc
6903569,110,2021-08-12 09:59:19,65.7464,-3.80762,1000,2001.2099609375,4.429999828338623,-0.75 to 10.79,34.89 to 35.02,D,argo_indian_ocean_data\float_6903569\profiles\profile_cycle_110.nc
6903569,111,2021-08-17 10:00:07,65.81286,-3.73605,1001,2001.3599853515625,2.6600000858306885,-0.75 to 10.93,34.89 to 35.02,D,argo_indian_ocean_data\float_6903569\profiles\profile_cycle_111.nc
6903569,112,2021-08-22 10:02:59,65.89299,-3.60831,999,2001.5999755859375,4.329999923706055,-0.75 to 10.70,34.90 to 34.99,D,argo_indian_ocean_data\float_6903569\profiles\profile_cycle_112.nc
6903569,113,2021-08-27 10:08:37,65.9252,-3.5415,1000,2001.1199951171875,4.320000171661377,-0.75 to 10.78,34.90 to 34.97,D,argo_indian_ocean_data\float_6903569\profiles\profile_cycle_113.nc
6903569,114,2021-09-01 10:01:24,66.00943,-3.48063,999,2000.0699462890625,3.9600000381469727,-0.74 to 10.95,34.90 to 34.96,D,argo_indian_ocean_data\float_6903569\profiles\profile_cycle_114.nc
6903569,115,2021-09-06 10:07:43,66.03989,-3.46301,1001,2001.02001953125,2.700000047683716,-0.75 to 10.77,34.89 to 35.06,D,argo_indian_ocean_data\float_6903569\profiles\profile_cycle_115.nc
6903569,116,2021-09-11 09:57:15,66.11943,-3.35469,999,2001.4100341796875,4.429999828338623,-0.74 to 10.67,34.89 to 34.98,D,argo_indian_ocean_data\float_6903569\profiles\profile_cycle_116.nc
6903569,118,2021-09-21 10:04:43,66.03229,-3.13256,1000,2001.300048828125,4.420000076293945,-0.75 to 10.66,34.90 to 35.01,D,argo_indian_ocean_data\float_6903569\profiles\profile_cycle_118.nc
6903569,119,2021-09-26 09:58:25,66.10132,-3.09762,999,2001.4599609375,4.28000020980835,-0.74 to 9.16,34.90 to 35.03,D,argo_indian_ocean_data\float_6903569\profiles\profile_cycle_119.nc
6903569,120,2021-10-01 10:02:56,66.03157,-3.04518,1000,2000.22998046875,2.7200000286102295,-0.74 to 9.14,34.90 to 35.00,D,argo_indian_ocean_data\float_6903569\profiles\profile_cycle_120.nc
6903569,121,2021-10-06 09:52:19,65.94877,-3.13186,1000,2001.0799560546875,4.369999885559082,-0.75 to 8.85,34.88 to 34.99,D,argo_indian_ocean_data\float_6903569\profiles\profile_cycle_121.nc
6903569,122,2021-10-11 09:50:28,66.04948,-3.05576,1001,2001.31005859375,2.7899999618530273,-0.74 to 8.83,34.89 to 34.99,D,argo_indian_ocean_data\float_6903569\profiles\profile_cycle_122.nc
6903569,123,2021-10-16 10:06:40,66.14901,-2.97603,999,2001.0400390625,4.099999904632568,-0.73 to 8.13,34.89 to 34.99,D,argo_indian_ocean_data\float_6903569\profiles\profile_cycle_123.nc
6903569,124,2021-10-21 09:59:33,66.22314,-2.94284,999,1999.760009765625,4.380000114440918,-0.74 to 7.56,34.90 to 34.98,D,argo_indian_ocean_data\float_6903569\profiles\profile_cycle_124.nc
6903569,125,2021-10-26 09:46:36,66.23656,-2.83197,1000,2001.0400390625,4.389999866485596,-0.74 to 7.60,34.90 to 34.98,D,argo_indian_ocean_data\float_6903569\profiles\profile_cycle_125.nc
6903569,126,2021-10-31 10:04:32,66.27254,-2.85106,1000,2001.280029296875,4.480000019073486,-0.76 to 7.28,34.89 to 34.98,D,argo_indian_ocean_data\float_6903569\profiles\profile_cycle_126.nc
6903569,127,2021-11-05 09:57:59,66.44006,-2.88798,1000,2001.010009765625,3.9000000953674316,-0.76 to 7.63,34.90 to 34.98,D,argo_indian_ocean_data\float_6903569\profiles\profile_cycle_127.nc
6903569,128,2021-11-10 09:47:55,66.40677,-2.7037,1000,2001.0799560546875,4.300000190734863,-0.76 to 6.87,34.90 to 35.02,D,argo_indian_ocean_data\float_6903569\profiles\profile_cycle_128.nc
6903569,129,2021-11-15 09:42:50,66.43722,-2.67661,1000,2001.510009765625,4.099999904632568,-0.75 to 6.46,34.90 to 35.00,D,argo_indian_ocean_data\float_6903569\profiles\profile_cycle_129.nc
6903569,130,2021-11-20 09:56:39,66.45898,-2.59407,1000,2000.4000244140625,2.4000000953674316,-0.76 to 6.56,34.90 to 34.98,D,argo_indian_ocean_data\float_6903569\profiles\profile_cycle_130.nc
6903569,131,2021-11-25 10:00:54,66.37946,-2.49515,999,1999.6700439453125,4.449999809265137,-0.75 to 6.42,34.90 to 34.98,D,argo_indian_ocean_data\float_6903569\profiles\profile_cycle_131.nc
6903569,132,2021-11-30 09:49:14,66.31551,-2.66946,1001,2001.3900146484375,2.9200000762939453,-0.76 to 6.22,34.90 to 34.97,D,argo_indian_ocean_data\float_6903569\profiles\profile_cycle_132.nc
6903569,133,2021-12-05 09:42:22,66.30949,-2.87191,998,2001.4100341796875,4.429999828338623,-0.77 to 5.83,34.90 to 34.96,D,argo_indian_ocean_data\float_6903569\profiles\profile_cycle_133.nc
6903569,134,2021-12-10 09:47:44,66.38652,-2.95082,999,2001.02001953125,4.440000057220459,-0.76 to 5.42,34.90 to 34.95,D,argo_indian_ocean_data\float_6903569\profiles\profile_cycle_134.nc
6903569,135,2021-12-15 09:56:30,66.46424,-2.98308,1000,2001.760009765625,4.489999771118164,-0.75 to 5.29,34.90 to 34.94,D,argo_indian_ocean_data\float_6903569\profiles\profile_cycle_135.nc
6903569,136,2021-12-20 09:45:01,66.53736,-2.85649,1000,2001.550048828125,4.179999828338623,-0.75 to 5.21,34.89 to 34.95,D,argo_indian_ocean_data\float_6903569\profiles\profile_cycle_136.nc
6903569,137,2021-12-25 10:11:02,66.63642,-2.76844,1000,2001.719970703125,4.46999979019165,-0.75 to 5.52,34.90 to 34.97,D,argo_indian_ocean_data\float_6903569\profiles\profile_cycle_137.nc
6903569,138,2021-12-30 09:52:17,66.7023,-2.75246,1000,2001.18994140625,3.990000009536743,-0.75 to 5.59,34.90 to 35.00,D,argo_indian_ocean_data\float_6903569\profiles\profile_cycle_138.nc
6903569,139,2022-01-04 09:57:35,66.79435,-2.81052,999,2000.4000244140625,4.289999961853027,-0.74 to 5.51,34.90 to 34.99,D,argo_indian_ocean_data\float_6903569\profiles\profile_cycle_139.nc
6903569,140,2022-01-09 09:46:33,66.79369,-2.88491,1000,2001.3199462890625,4.230000019073486,-0.75 to 4.88,34.90 to 34.97,D,argo_indian_ocean_data\float_6903569\profiles\profile_cycle_140.nc
6903569,143,2022-01-24 09:45:43,67.02943,-2.49638,1000,2001.77001953125,4.380000114440918,-0.74 to 4.79,34.90 to 34.99,D,argo_indian_ocean_data\float_6903569\profiles\profile_cycle_143.nc
6903569,144,2022-01-29 10:04:44,67.04341,-2.37791,1000,2001.0999755859375,4.489999771118164,-0.75 to 4.52,34.90 to 34.97,D,argo_indian_ocean_data\float_6903569\profiles\profile_cycle_144.nc
6903569,145,2022-02-03 09:52:39,67.07113,-2.27442,1000,2001.3499755859375,4.460000038146973,-0.75 to 4.33,34.90 to 34.96,D,argo_indian_ocean_data\float_6903569\profiles\profile_cycle_145.nc
6903569,146,2022-02-08 10:10:23,67.18568,-2.19801,1000,2001.3199462890625,4.460000038146973,-0.75 to 4.19,34.89 to 34.95,D,argo_indian_ocean_data\float_6903569\profiles\profile_cycle_146.nc
6903569,147,2022-02-13 10:03:32,67.41634,-1.78983,1000,2001.0400390625,4.139999866485596,-0.76 to 4.04,34.90 to 34.96,D,argo_indian_ocean_data\float_6903569\profiles\profile_cycle_147.nc
6903569,148,2022-02-18 09:45:14,67.66595,-1.34388,999,2000.3599853515625,4.380000114440918,-0.75 to 3.99,34.90 to 34.97,D,argo_indian_ocean_data\float_6903569\profiles\profile_cycle_148.nc
6903569,149,2022-02-23 10:12:36,67.75646,-0.93387,999,1999.6600341796875,4.440000057220459,-0.74 to 4.11,34.90 to 34.99,D,argo_indian_ocean_data\float_6903569\profiles\profile_cycle_149.nc
6903569,150,2022-02-28 09:41:34,67.90932,-0.88056,999,2000.4200439453125,4.480000019073486,-0.74 to 3.80,34.90 to 35.00,D,argo_indian_ocean_data\float_6903569\profiles\profile_cycle_150.nc
6903569,151,2022-03-05 10:06:49,68.01943,-0.91428,999,2000.030029296875,2.9000000953674316,-0.75 to 5.56,34.89 to 35.05,D,argo_indian_ocean_data\float_6903569\profiles\profile_cycle_151.nc
6903569,154,2022-03-20 09:48:35,68.30106,-1.81255,1000,2001.8800048828125,4.239999771118164,-0.74 to 4.67,34.89 to 35.00,D,argo_indian_ocean_data\float_6903569\profiles\profile_cycle_154.nc
6903569,156,2022-03-31 09:34:35,68.52353,-2.28569,1000,2001.550048828125,4.400000095367432,-0.74 to 4.30,34.90 to 35.00,D,argo_indian_ocean_data\float_6903569\profiles\profile_cycle_156.nc
6903569,157,2022-04-05 09:39:47,68.61475,-2.31221,1000,2001.47998046875,4.5,-0.73 to 4.46,34.89 to 35.00,D,argo_indian_ocean_data\float_6903569\profiles\profile_cycle_157.nc
6903569,160,2022-04-20 09:39:18,68.61464,-3.20295,1001,2001.77001953125,2.759999990463257,-0.73 to 4.56,34.89 to 35.00,D,argo_indian_ocean_data\float_6903569\profiles\profile_cycle_160.nc
6903569,161,2022-04-25 09:20:04,68.54372,-3.83343,1001,2001.719970703125,2.440000057220459,-0.73 to 4.79,34.90 to 35.01,D,argo_indian_ocean_data\float_6903569\profiles\profile_cycle_161.nc
6903569,162,2022-04-30 09:57:42,68.38641,-4.07476,1000,2001.3199462890625,4.349999904632568,-0.75 to 4.39,34.90 to 35.01,D,argo_indian_ocean_data\float_6903569\profiles\profile_cycle_162.nc
6903569,165,2022-05-15 09:54:57,68.132195,-4.71694,1000,2001.2900390625,4.400000095367432,-0.74 to 4.22,34.89 to 34.99,D,argo_indian_ocean_data\float_6903569\profiles\profile_cycle_165.nc
